{
	"customTemplates": [],
	"patterns": [],
	"settings": {
		"appearanceTools": true,
		"color": {
			"palette": [
				{
					"color": "#ffffff",
					"name": "Base",
					"slug": "base"
				},
				{
					"color": "#1a6987",
					"name": "Contrast",
					"slug": "contrast"
				},
				{
					"color": "#a1ac4e",
					"name": "Primary",
					"slug": "primary"
				},
				{
					"color": "#0d0407",
					"name": "Secondary",
					"slug": "secondary"
				},
				{
					"color": "#f7f7f7",
					"name": "Tertiary",
					"slug": "tertiary"
				}
			]
		},
		"layout": {
			"contentSize": "1024px",
			"wideSize": "1280px"
		},
		"typography": {
			"fontFamilies": [
				{
					"fontFace": [
						{
							"fontFamily": "Playfair Display",
							"fontStyle": "normal",
							"fontWeight": "400",
							"src": [
								"file:./assets/fonts/playfair-display_normal_400.ttf"
							]
						},
						{
							"fontFamily": "Playfair Display",
							"fontStyle": "normal",
							"fontWeight": "500",
							"src": [
								"file:./assets/fonts/playfair-display_normal_500.ttf"
							]
						},
						{
							"fontFamily": "Playfair Display",
							"fontStyle": "normal",
							"fontWeight": "600",
							"src": [
								"file:./assets/fonts/playfair-display_normal_600.ttf"
							]
						},
						{
							"fontFamily": "Playfair Display",
							"fontStyle": "normal",
							"fontWeight": "700",
							"src": [
								"file:./assets/fonts/playfair-display_normal_700.ttf"
							]
						},
						{
							"fontFamily": "Playfair Display",
							"fontStyle": "normal",
							"fontWeight": "800",
							"src": [
								"file:./assets/fonts/playfair-display_normal_800.ttf"
							]
						},
						{
							"fontFamily": "Playfair Display",
							"fontStyle": "normal",
							"fontWeight": "900",
							"src": [
								"file:./assets/fonts/playfair-display_normal_900.ttf"
							]
						},
						{
							"fontFamily": "Playfair Display",
							"fontStyle": "italic",
							"fontWeight": "400",
							"src": [
								"file:./assets/fonts/playfair-display_italic_400.ttf"
							]
						},
						{
							"fontFamily": "Playfair Display",
							"fontStyle": "italic",
							"fontWeight": "500",
							"src": [
								"file:./assets/fonts/playfair-display_italic_500.ttf"
							]
						},
						{
							"fontFamily": "Playfair Display",
							"fontStyle": "italic",
							"fontWeight": "600",
							"src": [
								"file:./assets/fonts/playfair-display_italic_600.ttf"
							]
						},
						{
							"fontFamily": "Playfair Display",
							"fontStyle": "italic",
							"fontWeight": "700",
							"src": [
								"file:./assets/fonts/playfair-display_italic_700.ttf"
							]
						},
						{
							"fontFamily": "Playfair Display",
							"fontStyle": "italic",
							"fontWeight": "800",
							"src": [
								"file:./assets/fonts/playfair-display_italic_800.ttf"
							]
						},
						{
							"fontFamily": "Playfair Display",
							"fontStyle": "italic",
							"fontWeight": "900",
							"src": [
								"file:./assets/fonts/playfair-display_italic_900.ttf"
							]
						}
					],
					"fontFamily": "Playfair Display",
					"slug": "playfair-display"
				},
				{
					"fontFace": [
						{
							"fontFamily": "Lato",
							"fontStyle": "normal",
							"fontWeight": "100",
							"src": [
								"file:./assets/fonts/lato_normal_100.ttf"
							]
						},
						{
							"fontFamily": "Lato",
							"fontStyle": "italic",
							"fontWeight": "100",
							"src": [
								"file:./assets/fonts/lato_italic_100.ttf"
							]
						},
						{
							"fontFamily": "Lato",
							"fontStyle": "normal",
							"fontWeight": "300",
							"src": [
								"file:./assets/fonts/lato_normal_300.ttf"
							]
						},
						{
							"fontFamily": "Lato",
							"fontStyle": "italic",
							"fontWeight": "300",
							"src": [
								"file:./assets/fonts/lato_italic_300.ttf"
							]
						},
						{
							"fontFamily": "Lato",
							"fontStyle": "normal",
							"fontWeight": "400",
							"src": [
								"file:./assets/fonts/lato_normal_400.ttf"
							]
						},
						{
							"fontFamily": "Lato",
							"fontStyle": "italic",
							"fontWeight": "400",
							"src": [
								"file:./assets/fonts/lato_italic_400.ttf"
							]
						},
						{
							"fontFamily": "Lato",
							"fontStyle": "normal",
							"fontWeight": "700",
							"src": [
								"file:./assets/fonts/lato_normal_700.ttf"
							]
						},
						{
							"fontFamily": "Lato",
							"fontStyle": "italic",
							"fontWeight": "700",
							"src": [
								"file:./assets/fonts/lato_italic_700.ttf"
							]
						},
						{
							"fontFamily": "Lato",
							"fontStyle": "normal",
							"fontWeight": "900",
							"src": [
								"file:./assets/fonts/lato_normal_900.ttf"
							]
						},
						{
							"fontFamily": "Lato",
							"fontStyle": "italic",
							"fontWeight": "900",
							"src": [
								"file:./assets/fonts/lato_italic_900.ttf"
							]
						}
					],
					"fontFamily": "Lato",
					"slug": "lato"
				}
			]
		}
	},
	"styles": {
		"blocks": {
			"core/button": {
				"border": {
					"bottom": {
						"color": "var(--wp--preset--color--primary)",
						"style": "solid",
						"width": "2px"
					},
					"left": {
						"color": "var(--wp--preset--color--primary)",
						"style": "solid",
						"width": "2px"
					},
					"right": {
						"color": "var(--wp--preset--color--primary)",
						"style": "solid",
						"width": "2px"
					},
					"top": {
						"color": "var(--wp--preset--color--primary)",
						"style": "solid",
						"width": "2px"
					}
				},
				"color": {
					"background": "var(--wp--preset--color--secondary)",
					"text": "var(--wp--preset--color--primary)"
				},
				"elements": {
					"link": {
						"color": {
							"text": "var(--wp--preset--color--primary)"
						}
					}
				},
				"variations": {
					"outline": {
						"border": {
							"bottom": {
								"color": "var(--wp--preset--color--primary)",
								"style": "solid",
								"width": "2px"
							},
							"left": {
								"color": "var(--wp--preset--color--primary)",
								"style": "solid",
								"width": "2px"
							},
							"radius": "100px",
							"right": {
								"color": "var(--wp--preset--color--primary)",
								"style": "solid",
								"width": "2px"
							},
							"top": {
								"color": "var(--wp--preset--color--primary)",
								"style": "solid",
								"width": "2px"
							}
						},
						"color": {
							"text": "var(--wp--preset--color--primary)"
						}
					}
				}
			},
			"core/column": {
				"border": {
					"bottom": {
						"style": "none",
						"width": "0px"
					},
					"left": {
						"style": "none",
						"width": "0px"
					},
					"right": {
						"style": "none",
						"width": "0px"
					},
					"style": "none",
					"top": {
						"style": "none",
						"width": "0px"
					},
					"width": "0px"
				},
				"color": {
					"text": "#000000"
				},
				"elements": {
					"link": {
						"color": {
							"text": "#000000"
						}
					}
				},
				"spacing": {
					"padding": {
						"bottom": "2em",
						"left": "2em",
						"right": "2em",
						"top": "2em"
					}
				}
			},
			"core/heading": {
				"typography": {
					"fontSize": "32px"
				}
			}
		},
		"css": ".wp-block-button__link:hover{\n  color: #FFFFFF; \nborder: 2px solid #FFFFFF;\n\n}\n.wp-block-navigation-item:hover{\ncolor: #A1AC4E;\n}\n\n.wp-block-button__link:hover {\ncolor: #E03854;\n  background: #0D0407; \n   \n} \n",
		"elements": {
			"button": {
				"typography": {
					"fontFamily": "var(--wp--preset--font-family--lato)"
				}
			},
			"caption": {
				"typography": {
					"fontFamily": "var(--wp--preset--font-family--lato)"
				}
			},
			"h1": {
				"typography": {
					"fontSize": "var(--wp--preset--font-size--x-large)",
					"fontStyle": "italic",
					"fontWeight": "700"
				}
			},
			"h2": {
				"typography": {
					"fontSize": "var(--wp--preset--font-size--large)",
					"fontStyle": "italic",
					"fontWeight": "700"
				}
			},
			"h3": {
				"typography": {
					"fontSize": "var(--wp--preset--font-size--medium)",
					"fontStyle": "italic",
					"fontWeight": "700"
				}
			},
			"h4": {
				"typography": {
					"fontSize": "var(--wp--preset--font-size--small)",
					"fontStyle": "normal",
					"fontWeight": "700"
				}
			},
			"h5": {
				"typography": {
					"fontStyle": "normal",
					"fontWeight": "700"
				}
			},
			"h6": {
				"typography": {
					"fontStyle": "normal",
					"fontWeight": "700"
				}
			},
			"heading": {
				"typography": {
					"fontFamily": "var(--wp--preset--font-family--playfair-display)"
				}
			},
			"link": {
				":hover": {
					"color": {
						"text": "var(--wp--preset--color--primary)"
					}
				},
				"color": {
					"text": "var(--wp--preset--color--secondary)"
				},
				"typography": {
					"fontFamily": "var(--wp--preset--font-family--lato)",
					"fontSize": "20px",
					"textDecoration": "underline"
				}
			}
		},
		"typography": {
			"fontFamily": "var(--wp--preset--font-family--lato)"
		}
	},
	"templateParts": [],
	"version": 2,
	"$schema": "https://schemas.wp.org/wp/6.4/theme.json"
}